test05,123qweqwe,Test User CSV05,test05@domain.tld
test06,123qweqwe,Test User CSV06,test06@domain.tld
test07,123qweqwe,Test User CSV07,test07@domain.tld
test08,123qweqwe,Test User CSV08,test08@domain.tld
test09,123qweqwe,Test User CSV09,test09@domain.tld
test10,123qweqwe,Test User CSV10,test10@domain.tld
test11,123qweqwe,Test User CSV11,test11@domain.tld
test12,123qweqwe,Test User CSV12,test12@domain.tld
test13,123qweqwe,Test User CSV13,test13@domain.tld
test14,123qweqwe,Test User CSV14,test14@domain.tld
test15,123qweqwe,Test User CSV15,test15@domain.tld
